{"global_step": 251904, "_timestamp": 1671617476.0531323, "rollout/ep_len_mean": 200.0, "rollout/ep_rew_mean": -245.76380920410156, "time/fps": 348.0, "_runtime": 763.444173336029, "_step": 122, "train/approx_kl": 0.005044671706855297, "train/clip_fraction": 0.05976562574505806, "train/clip_range": 0.20000000298023224, "train/entropy_loss": -0.7826979756355286, "train/explained_variance": 0.9719842076301575, "train/learning_rate": 0.0003000000142492354, "train/loss": 16.380285263061523, "train/policy_gradient_loss": 0.002351908478885889, "train/std": 0.5253901481628418, "train/value_loss": 50.69411849975586, "_wandb": {"runtime": 766}}